login,tarea,pr,intento,abierto,due,dias_tarde,resultado,motivo,senales,override,revisado
jpmedinae,datacamp-introduccion-git,2,1,2026-09-04T20:10:05Z,2026-09-10,0,bien,mergeado,,,2026-09-10
jpmedinae,mirror-y-pull-request,2,1,2026-09-04T20:10:05Z,2026-09-10,0,bien,mergeado,,,2026-09-10
butronand-png,mirror-y-pull-request,3,1,2026-09-05T19:04:20Z,2026-09-10,0,bien,mergeado,,,2026-09-10
Meyer03,mirror-y-pull-request,5,1,2026-09-09T02:29:48Z,2026-09-10,0,cerrada,cerrado sin merge; cerrado por el alumno; sólo crea la carpeta (.gitkeep),,,
RobertoUribeClemente,mirror-y-pull-request,6,1,2026-09-09T02:29:50Z,2026-09-10,0,bien,mergeado; sólo crea la carpeta (.gitkeep),,,2026-09-10
dacorzo,mirror-y-pull-request,7,1,2026-09-09T02:29:51Z,2026-09-10,0,bien,mergeado; crea la carpeta y arrastra archivos del curso desde su main,,,2026-09-10
fernandalh25,datacamp-introduccion-git,8,1,2026-09-09T02:29:53Z,2026-09-10,0,bien,mergeado,,,2026-09-10
goldzweigarie-bit,mirror-y-pull-request,9,1,2026-09-09T02:29:56Z,2026-09-10,0,bien,mergeado; sólo crea la carpeta (.gitkeep),,,2026-09-10
LuisRyes,mirror-y-pull-request,10,1,2026-09-09T02:30:17Z,2026-09-10,0,bien,mergeado; sólo crea la carpeta (.gitkeep),,,2026-09-10
nat-aglo,mirror-y-pull-request,11,1,2026-09-09T02:30:17Z,2026-09-10,0,bien,mergeado; sólo crea la carpeta (.gitkeep),,,2026-09-10
cristoredentor,mirror-y-pull-request,12,1,2026-09-09T02:31:05Z,2026-09-10,0,bien,mergeado; sólo crea la carpeta (.gitkeep),,,2026-09-08
DabtcAvila,mirror-y-pull-request,13,1,2026-09-09T02:33:29Z,2026-09-10,0,bien,mergeado,,,2026-09-10
camila7866,mirror-y-pull-request,14,1,2026-09-09T02:36:23Z,2026-09-10,0,bien,mergeado; sólo crea la carpeta (.gitkeep),,,2026-09-10
Domdimad0m,desconocida,15,1,2026-09-09T04:37:41Z,,,cerrada,PR sin archivos; cerrado por el alumno,,,
FerArGo56,desconocida,16,1,2026-09-09T20:06:57Z,,,cerrada,"cerrado: sólo trae prueba.txt, no es una entrega",,,2026-09-17
RobertoUribeClemente,mirror-y-pull-request,17,2,2026-09-10T23:41:04Z,2026-09-10,0,bien,mergeado,,,2026-09-10
geraVillV,datacamp-introduccion-git,18,1,2026-09-10T23:53:08Z,2026-09-10,0,bien,mergeado,,,2026-09-10
dacorzo,datacamp-introduccion-git,19,1,2026-09-11T00:07:11Z,2026-09-10,0,bien,mergeado,,,2026-09-10
RobertoUribeClemente,datacamp-introduccion-git,20,1,2026-09-11T00:08:04Z,2026-09-10,0,bien,mergeado,,,2026-09-10
fernandalh25,datacamp-introduccion-git,21,2,2026-09-11T00:19:19Z,2026-09-10,0,bien,mergeado,,,2026-09-10
emilianomillan,mirror-y-pull-request,22,1,2026-09-11T00:20:15Z,2026-09-10,0,cerrada,cerrado sin merge; cerrado por el alumno,,,
dacorzo,datacamp-introduccion-git,23,2,2026-09-11T00:22:01Z,2026-09-10,0,bien,mergeado,,,2026-09-10
dacorzo,mirror-y-pull-request,23,2,2026-09-11T00:22:01Z,2026-09-10,0,bien,mergeado,,,2026-09-10
emilianomillan,mirror-y-pull-request,24,2,2026-09-11T00:25:15Z,2026-09-10,0,cerrada,cerrado: duplicado del contenido que entró por #25,,,2026-09-17
emilianomillan,mirror-y-pull-request,25,3,2026-09-11T00:25:43Z,2026-09-10,0,bien,mergeado,,,2026-09-10
butronand-png,datacamp-introduccion-git,26,1,2026-09-11T00:34:41Z,2026-09-10,0,bien,mergeado,,,2026-09-10
emilianomillan,mirror-y-pull-request,27,4,2026-09-11T00:44:49Z,2026-09-10,0,cerrada,cerrado: bitácora duplicada de #25 y la captura de RegexOne se entrega en Canvas,,,2026-09-17
emilianomillan,regexone-practica,27,1,2026-09-11T00:44:49Z,2026-09-08,2,cerrada,cerrado: bitácora duplicada de #25 y la captura de RegexOne se entrega en Canvas,,,2026-09-17
camila7866,mirror-y-pull-request,28,2,2026-09-11T00:50:55Z,2026-09-10,0,bien,mergeado,,,2026-09-17
goldzweigarie-bit,datacamp-introduccion-git,29,1,2026-09-11T00:57:36Z,2026-09-10,0,cerrada,cerrado: contenido idéntico al que entró por #32,,,2026-09-17
FerArGo56,datacamp-introduccion-git,30,1,2026-09-11T01:03:08Z,2026-09-10,0,bien,aceptada; README.md en versión vieja del espejo,,,2026-09-17
loretmikel,datacamp-introduccion-git,31,1,2026-09-11T01:05:57Z,2026-09-10,0,bien,aceptada; falta github/README.md del espejo,,,2026-09-17
goldzweigarie-bit,datacamp-git-intermedio,32,1,2026-09-11T01:23:50Z,2026-09-17,0,bien,mergeado,,,2026-09-10
goldzweigarie-bit,datacamp-introduccion-git,32,2,2026-09-11T01:23:50Z,2026-09-10,0,bien,mergeado,,,2026-09-10
cristoredentor,desconocida,33,1,2026-09-11T01:29:02Z,,,cerrada,"cerrado: certificate.pdf suelto, sin certificaciones.md ni carpeta de entrega",,,2026-09-17
camila7866,datacamp-introduccion-git,34,1,2026-09-11T02:51:04Z,2026-09-10,0,bien,mergeado tras completar Quién soy y la fecha,plantilla-sin-llenar,,2026-10-01
cristoredentor,datacamp-introduccion-git,35,1,2026-09-11T03:18:20Z,2026-09-10,0,cerrada,cerrado: reemplazado por #36; todo bajo una copia de codigo/,carpeta-codigo-anidada,,2026-09-17
cristoredentor,mirror-y-pull-request,35,2,2026-09-11T03:18:20Z,2026-09-10,0,cerrada,cerrado: reemplazado por #36; todo bajo una copia de codigo/,carpeta-codigo-anidada,,2026-09-17
cristoredentor,datacamp-introduccion-git,36,2,2026-09-11T04:55:48Z,2026-09-10,0,cerrada,cerrado: certificaciones cuentan por #57; la bitácora de la unidad 7 quedó fuera de su carpeta y va en un PR nuevo,carpeta-codigo-anidada,,2026-09-22
cristoredentor,mirror-y-pull-request,36,3,2026-09-11T04:55:48Z,2026-09-10,0,cerrada,cerrado: certificaciones cuentan por #57; la bitácora de la unidad 7 quedó fuera de su carpeta y va en un PR nuevo,carpeta-codigo-anidada,,2026-09-22
nat-aglo,desconocida,37,1,2026-09-11T05:48:51Z,,,cerrada,toca archivos fuera de su carpeta de estudiante; cerrado por el alumno,,,
nat-aglo,datacamp-introduccion-git,38,1,2026-09-11T06:20:14Z,2026-09-10,1,bien,mergeado,,,2026-09-17
Domdimad0m,datacamp-introduccion-git,39,1,2026-09-11T12:37:14Z,2026-09-10,1,bien,mergeado,,,2026-09-17
Domdimad0m,datacamp-git-intermedio,40,1,2026-09-11T12:57:27Z,2026-09-17,0,bien,mergeado,,,2026-09-17
Domdimad0m,datacamp-introduccion-git,40,2,2026-09-11T12:57:27Z,2026-09-10,1,bien,mergeado,,,2026-09-17
jpmedinae,datacamp-git-intermedio,41,1,2026-09-11T19:30:05Z,2026-09-17,0,bien,aceptada: el enlace de certificaciones.md ya nombra el PDF subido,,,2026-09-22
RobertoUribeClemente,datacamp-git-intermedio,42,1,2026-09-12T18:04:23Z,2026-09-17,0,bien,mergeado,,,2026-09-17
Meyer03,datacamp-introduccion-git,43,1,2026-09-16T04:01:27Z,2026-09-10,5,bien,aceptada con Statement of Accomplishment en PDF,,,2026-09-17
LuisRyes,datacamp-introduccion-git,44,1,2026-09-16T22:41:41Z,2026-09-10,6,bien,mergeado,,,2026-09-17
fernandalh25,datacamp-introduccion-git,45,3,2026-09-17T01:22:42Z,2026-09-10,6,bien,mergeado; la corrección también venía en #46,,,2026-09-17
fernandalh25,datacamp-git-intermedio,46,1,2026-09-17T01:58:59Z,2026-09-17,0,bien,mergeado,,,2026-09-17
nat-aglo,mirror-y-pull-request,47,2,2026-09-17T02:51:01Z,2026-09-10,6,bien,mergeado,,,2026-09-17
FerArGo56,datacamp-git-intermedio,48,1,2026-09-17T17:25:07Z,2026-09-17,0,cerrada,cerrado: reemplazado por #49; carpeta y nombre de captura distintos a la plantilla,,,2026-09-17
FerArGo56,datacamp-git-intermedio,49,2,2026-09-17T19:18:10Z,2026-09-17,0,cerrada,cerrado por el alumno: contenido de Intermediate Git bajo una branch de la unidad 8,branch-de-otra-tarea,,2026-09-17
dacorzo,datacamp-git-intermedio,50,1,2026-09-17T19:32:47Z,2026-09-17,0,mal,sigue agregando el PDF en 08_git_intermedio fuera del espejo,carpeta-fuera-del-espejo,,2026-10-01
emilianomillan,datacamp-introduccion-git,51,1,2026-09-17T19:35:26Z,2026-09-10,7,cerrada,cerrado: el contenido entró por #52,,,2026-09-17
emilianomillan,datacamp-git-intermedio,52,1,2026-09-17T19:48:25Z,2026-09-17,0,bien,"aceptada: los tres archivos, las dos fechas y la reflexión",,,2026-09-17
emilianomillan,datacamp-introduccion-git,52,2,2026-09-17T19:48:25Z,2026-09-10,7,bien,"aceptada: los tres archivos, las dos fechas y la reflexión",,,2026-09-17
goldzweigarie-bit,datacamp-git-intermedio,53,2,2026-09-17T21:13:20Z,2026-09-17,0,bien,aceptada: fecha de Intermediate Git y reflexión completas,,,2026-09-22
Domdimad0m,tarea-08-imagen,54,1,2026-09-17T21:22:30Z,2026-09-22,0,bien,aceptada tras corregir la bitácora; mirror completo y usuario consistente,,,2026-09-22
nat-aglo,datacamp-git-intermedio,55,1,2026-09-17T23:48:27Z,2026-09-17,0,bien,aceptada: las dos fechas y la reflexión,,,2026-09-22
reginaquevedo,datacamp-git-intermedio,56,1,2026-09-18T00:00:55Z,2026-09-17,0,bien,aceptada; dos entregas en un solo PR y texto mezclado con la plantilla,dos-entregas-en-un-pr;texto-mezclado-con-plantilla,,2026-09-22
reginaquevedo,datacamp-introduccion-git,56,1,2026-09-18T00:00:55Z,2026-09-10,7,bien,aceptada; dos entregas en un solo PR y texto mezclado con la plantilla,dos-entregas-en-un-pr;texto-mezclado-con-plantilla,,2026-09-22
cristoredentor,datacamp-git-intermedio,57,1,2026-09-18T00:32:30Z,2026-09-17,0,bien,aceptada: capturas con nombres exactos y fechas llenas; la reflexión no es de los cursos,texto-de-plantilla-sin-borrar,,2026-09-22
cristoredentor,datacamp-introduccion-git,57,3,2026-09-18T00:32:30Z,2026-09-10,7,bien,aceptada: capturas con nombres exactos y fechas llenas; la reflexión no es de los cursos,texto-de-plantilla-sin-borrar,,2026-09-22
DabtcAvila,datacamp-introduccion-git,58,1,2026-09-18T01:44:48Z,2026-09-10,7,bien,mergeado tras poner fecha concreta,fecha-relativa,,2026-10-01
butronand-png,datacamp-git-intermedio,59,1,2026-09-18T02:00:01Z,2026-09-17,0,bien,"aceptada: fechas, captura y reflexión",,,2026-09-22
FerArGo56,datacamp-git-intermedio,60,3,2026-09-18T03:41:14Z,2026-09-17,0,cerrada,cerrado sin merge; cerrado por el alumno,,,
nat-aglo,vim-adventures,61,1,2026-09-19T18:08:38Z,,,bien,aceptada: captura del final del nivel 3 en vim_adventures/,,,2026-09-22
cristoredentor,tarea-08-imagen,62,1,2026-09-19T19:46:57Z,2026-09-22,0,mal,info.sh imprime un login distinto y no trae línea propia; lo demás corregido,salidas-incoherentes,,2026-10-01
geraVillV,tarea-08-datacamp-intro,63,1,2026-09-20T20:05:03Z,2026-09-22,0,bien,"aceptada: fecha, URL y captura con nombre exacto",,,2026-09-22
LuisRyes,datacamp-git-intermedio,64,1,2026-09-20T23:13:22Z,2026-09-17,3,bien,"aceptada: fechas, reflexión y captura",,,2026-09-22
RobertoUribeClemente,tarea-08-datacamp-intro,65,1,2026-09-20T23:46:13Z,2026-09-22,0,bien,aceptada; usuario de GitHub escrito distinto al login y captura JPG con extensión .png,login-distinto;extension-no-coincide,,2026-09-22
RobertoUribeClemente,tarea-08-imagen,66,1,2026-09-21T02:08:47Z,2026-09-22,0,bien,aceptada tras corregir mi-imagen.md y la bitácora; el digest coincide con Docker Hub,login-distinto,,2026-09-22
jpmedinae,tarea-08-datacamp-intro,67,1,2026-09-22T00:10:28Z,2026-09-22,0,bien,aceptada; el PR también sube un .gitignore ajeno a la entrega,archivo-fuera-de-tarea,,2026-09-22
jpmedinae,tarea-08-imagen,68,1,2026-09-22T00:54:59Z,2026-09-22,0,bien,aceptada: tres defectos arreglados y digest verificado,archivo-fuera-de-tarea,,2026-09-22
nat-aglo,tarea-08-datacamp-intro,69,1,2026-09-22T02:23:53Z,2026-09-22,0,bien,aceptada; la fecha de término es posterior a hoy,fecha-futura,,2026-09-22
Meyer03,datacamp-git-intermedio,70,1,2026-09-22T13:50:08Z,2026-09-17,5,bien,aceptada: fecha de Intermediate Git y captura,,,2026-09-22
cristoredentor,tarea-08-datacamp-intro,71,1,2026-09-22T15:07:07Z,2026-09-22,0,cerrada,cerrado sin merge; cerrado por el alumno,,,
cristoredentor,tarea-08-datacamp-intro,72,2,2026-09-22T15:22:41Z,2026-09-22,0,cerrada,cerrado por el alumno: branch con nombre distinto al asignado,,,
cristoredentor,tarea-08-datacamp-intro,73,3,2026-09-22T15:27:33Z,2026-09-22,0,bien,"aceptada: carpeta docker, fecha, URL y captura",,,2026-09-22
FerArGo56,tarea-08-datacamp-intro,74,1,2026-09-22T16:32:24Z,2026-09-22,0,cerrada,cerrado sin merge; cerrado por el alumno,,,
FerArGo56,tarea-08-datacamp-intro,75,2,2026-09-22T16:37:32Z,2026-09-22,0,cerrada,cerrado sin merge; cerrado por el alumno,,,
FerArGo56,tarea-08-imagen,76,1,2026-09-22T17:50:13Z,2026-09-22,0,cerrada,cerrado sin merge; cerrado por el alumno,,,
FerArGo56,desconocida,77,2,2026-09-22T18:01:01Z,,,cerrada,PR sin archivos; cerrado por el alumno,,,
FerArGo56,tarea-08-imagen,78,2,2026-09-22T18:05:09Z,2026-09-22,0,mal,sin commits tras el comentario; la bitácora describe defectos que no están en roto/Dockerfile,bitacora-no-corresponde,,2026-10-01
FerArGo56,tarea-08-datacamp-intro,79,3,2026-09-22T18:14:14Z,2026-09-22,0,bien,"aceptada: carpeta docker, fecha, URL y captura",,,2026-09-22
geraVillV,tarea-08-imagen,80,1,2026-09-22T22:03:52Z,2026-09-22,0,bien,mergeado tras corregir USER y bitácora; digest comprobado en Docker Hub,defecto-sin-corregir;bitacora-no-corresponde,,2026-10-01
loretmikel,tarea-08-imagen,81,1,2026-09-22T22:08:27Z,2026-09-22,0,bien,aceptada: tres defectos y digest verificado; fecha de build fijada en la imagen,,,2026-09-22
loretmikel,tarea-08-datacamp-intro,82,1,2026-09-22T22:52:19Z,2026-09-22,0,bien,"aceptada: carpeta docker, fecha, URL y captura",,,2026-09-22
goldzweigarie-bit,tarea-08-datacamp-intro,83,1,2026-09-22T23:04:35Z,2026-09-22,0,bien,aceptada; la fecha de término es posterior a hoy,fecha-futura,,2026-09-22
butronand-png,tarea-08-datacamp-intro,84,1,2026-09-22T23:28:27Z,2026-09-22,0,bien,"aceptada: carpeta docker, fecha, URL y captura",,,2026-09-22
goldzweigarie-bit,tarea-08-imagen,85,1,2026-09-22T23:49:43Z,2026-09-22,0,mal,sin cambios tras el comentario; mismos cuatro puntos,igual-al-original;digest-recortado;salida-recortada,,2026-10-01
Meyer03,tarea-08-datacamp-intro,86,1,2026-09-23T00:00:25Z,2026-09-22,0,mal,curso sin terminar y captura sin nombre,curso-no-terminado,profesor: vscode/ se perdona,2026-10-01
nat-aglo,tarea-08-imagen,87,1,2026-09-23T00:34:49Z,2026-09-22,0,bien,mergeado con nota: URL de capa en vez de /r/; la imagen publicada no es la del Dockerfile entregado (instruccion ambigua nuestra),,,2026-09-22
fernandalh25,tarea-08-datacamp-intro,88,1,2026-09-23T00:38:49Z,2026-09-22,0,bien,mergeado,,,2026-09-22
Domdimad0m,tarea-08-datacamp-intro,89,1,2026-09-23T01:10:41Z,2026-09-22,0,bien,mergeado,,,2026-09-22
dacorzo,tarea-08-datacamp-intro,90,1,2026-09-23T04:40:17Z,2026-09-22,0,mal,branch con nombre que ninguna tarea asigna,branch-de-otra-tarea,,2026-10-01
RobertoUribeClemente,tarea-08-datacamp-inter-1,91,1,2026-09-23T04:52:09Z,2026-09-24,0,bien,mergeado,,,2026-10-01
LuisRyes,tarea-08-datacamp-intro,92,1,2026-09-23T05:46:28Z,2026-09-22,0,bien,mergeado,,,2026-10-01
FerArGo56,tarea-08-datacamp-inter-1,93,1,2026-09-24T15:18:08Z,2026-09-24,0,bien,mergeado,,,2026-10-01
camila7866,datacamp-git-intermedio,95,1,2026-09-24T19:25:35Z,2026-09-17,7,bien,"mergeado tras mergear #34, de la que nació",,,2026-10-01
LuisRyes,tarea-08-imagen,96,1,2026-09-24T19:38:20Z,2026-09-22,2,mal,history sin capa USER e IDs de dos construcciones distintas; defectos 1 y 3 mal explicados,salidas-incoherentes;bitacora-no-corresponde,,2026-10-01
DabtcAvila,datacamp-git-intermedio,97,1,2026-09-24T20:07:24Z,2026-09-17,7,bien,mergeado; conflicto con #58 por orden de merge nuestro,,,2026-10-01
geraVillV,tarea-08-datacamp-inter-1,98,1,2026-09-24T23:01:57Z,2026-09-24,0,cerrada,"contenida en #116, ya mergeada",,,2026-10-01
goldzweigarie-bit,tarea-08-datacamp-inter-1,99,1,2026-09-24T23:17:28Z,2026-09-24,0,mal,fecha 24/10/2026 futura,fecha-futura,,2026-10-01
jpmedinae,tarea-08-datacamp-inter-1,100,1,2026-09-24T23:33:05Z,2026-09-24,0,mal,captura sin nombre ni correo,captura-sin-nombre,,2026-10-01
nat-aglo,tarea-08-datacamp-inter-1,101,1,2026-09-24T23:55:39Z,2026-09-24,0,bien,mergeado,,,2026-10-01
DabtcAvila,tarea-08-imagen,102,1,2026-09-25T00:19:23Z,2026-09-22,2,bien,mergeado,,,2026-10-01
Domdimad0m,tarea-08-datacamp-inter-1,103,1,2026-09-25T00:45:45Z,2026-09-24,0,bien,mergeado,,,2026-10-01
cristoredentor,tarea-08-datacamp-inter-1,104,1,2026-09-25T00:57:33Z,2026-09-24,0,mal,branch con commits de tarea-08-imagen y merge que deja fuera 08_contenedores; captura sin nombre,branch-de-otra-tarea;captura-sin-nombre,,2026-10-01
butronand-png,tarea-08-datacamp-inter-1,105,1,2026-09-25T00:58:54Z,2026-09-24,0,bien,mergeado,,,2026-10-01
loretmikel,tarea-08-datacamp-inter-1,106,1,2026-09-25T02:28:20Z,2026-09-24,0,mal,"captura del dashboard (46 %), no la página del curso",captura-no-es-la-pagina-del-curso,,2026-10-01
cristoredentor,tarea-08-datacamp-inter-2,107,1,2026-09-25T04:34:55Z,2026-09-29,0,mal,branch trae commit de #104,branch-de-otra-tarea;dos-entregas-en-un-pr,,2026-10-01
emilianomillan,tarea-08-datacamp-intro,108,1,2026-09-25T06:00:30Z,2026-09-22,3,bien,mergeado,,,2026-10-01
emilianomillan,tarea-08-datacamp-inter-1,109,1,2026-09-25T06:12:40Z,2026-09-24,1,bien,mergeado,,,2026-10-01
dacorzo,tarea-08-datacamp-inter-1,110,1,2026-09-25T06:34:05Z,2026-09-24,1,mal,branch nacida de #90; enlace a intermedio-1-2.png pero sube dockerintermedio.png,branch-de-otra-tarea;dos-entregas-en-un-pr;extension-no-coincide,,2026-10-01
RobertoUribeClemente,tarea-08-datacamp-inter-2,111,1,2026-09-25T17:32:36Z,2026-09-29,0,bien,mergeado,,,2026-10-01
jpmedinae,tarea-08-datacamp-inter-2,112,1,2026-09-27T19:51:46Z,2026-09-29,0,mal,"URL lleva a la página del curso, no al Statement; trae la captura de la entrega 4",dos-entregas-en-un-pr,,2026-10-01
fernandalh25,tarea-08-imagen,113,1,2026-09-28T02:37:35Z,2026-09-22,5,mal,COPY de app.py antes del pip install; salidas root y appuser con el mismo digest,defecto-sin-corregir;salidas-incoherentes;bitacora-no-corresponde,,2026-10-01
FerArGo56,tarea-08-datacamp-inter-2,114,1,2026-09-29T03:30:16Z,2026-09-29,0,bien,mergeado; vscode/ es el ejercicio de clase,,profesor: vscode/ dentro de su carpeta se perdona (ejercicio de clase),2026-10-01
goldzweigarie-bit,tarea-08-datacamp-inter-2,115,1,2026-09-29T15:11:53Z,2026-09-29,0,bien,mergeado,,,2026-10-01
geraVillV,tarea-08-datacamp-inter-2,116,1,2026-09-29T17:52:50Z,2026-09-29,0,bien,mergeado,,,2026-10-01
fernandalh25,tarea-08-datacamp-inter-1,117,1,2026-09-29T23:47:05Z,2026-09-24,5,bien,mergeado,,,2026-10-01
fernandalh25,tarea-08-datacamp-inter-2,118,1,2026-09-29T23:58:53Z,2026-09-29,0,bien,mergeado,,,2026-10-01
Domdimad0m,tarea-08-datacamp-inter-2,119,1,2026-09-30T00:47:27Z,2026-09-29,0,bien,mergeado,,,2026-10-01
butronand-png,tarea-08-datacamp-inter-2,120,1,2026-09-30T00:59:40Z,2026-09-29,0,bien,mergeado,,,2026-10-01
emilianomillan,tarea-08-datacamp-inter-2,121,1,2026-09-30T03:56:06Z,2026-09-29,0,bien,mergeado,,,2026-10-01
nat-aglo,tarea-08-datacamp-inter-2,122,1,2026-09-30T05:44:07Z,2026-09-29,0,mal,sección 3 y 4 vacía y captura de curso a medias,seccion-vacia;curso-no-terminado,profesor: vscode/ se perdona,2026-10-01
cristoredentor,tarea-09-datacamp-python,124,1,2026-10-03T19:37:44Z,2026-10-06,0,bien,captura y URL del curso completo; una cosa concreta (slicing),,,2026-10-06
geraVillV,tarea-09-datacamp-python,125,1,2026-10-04T01:25:30Z,2026-10-06,0,bien,captura y URL del curso completo; una cosa del temario,,,2026-10-06
cristoredentor,tarea-09-uv-docker,126,1,2026-10-05T21:45:07Z,2026-10-06,0,bien,digest coincide con Docker Hub; entrega completa,,,2026-10-06
FerArGo56,tarea-09-datacamp-python,128,1,2026-10-05T23:11:44Z,2026-10-06,0,bien,captura y URL del curso completo; una cosa concreta,,,2026-10-06
Domdimad0m,tarea-09-uv-docker,129,1,2026-10-06T01:17:58Z,2026-10-06,0,bien,digest coincide con Docker Hub; entrega completa,,,2026-10-06
nat-aglo,tarea-09-datacamp-python,131,1,2026-10-06T06:12:17Z,2026-10-06,0,bien,captura del curso completo y URL; una cosa concreta,,,2026-10-06
geraVillV,tarea-09-uv-docker,132,1,2026-10-06T18:27:39Z,2026-10-06,0,bien,digest coincide con Docker Hub; entrega completa,,,2026-10-06
dacorzo,tarea-09-datacamp-python,133,1,2026-10-06T19:10:42Z,2026-10-06,0,bien,statement y URL; una cosa del temario,,,2026-10-06
